Con,r,target,target_Ct,Actin,Actin_Ct
control,1,1.88,21.13,1.67,20.70333333
control,2,1.88,21.55666667,1.67,20.35
control,3,1.88,21.33,1.67,20.75333333
treatment,1,1.88,22.09,1.67,20.24333333
treatment,2,1.88,22.69666667,1.67,20.54
treatment,3,1.88,23.05333333,1.67,20.5
